id,name,last_name,email
1,Dacey,Dillinton,ddillinton0@webs.com
2,Rosalie,Purkins,rpurkins1@plala.or.jp
3,Penny,Brownsea,pbrownsea2@nyu.edu
4,Walliw,Oddboy,woddboy3@furl.net
5,Ky,Rushford,krushford4@linkedin.com
6,Alexander,Botham,abotham5@usda.gov
7,Francine,Sagerson,fsagerson6@hexun.com
8,Ronalda,Biaggetti,rbiaggetti7@ocn.ne.jp
9,Darlleen,Silcocks,dsilcocks8@unc.edu
10,Anette,Svanetti,asvanetti9@ucsd.edu
